{
    "loss": 0.9722972512245178,
    "accuracy": 0.8066666722297668
}