{
    "loss": 12.828020095825195,
    "accuracy": 0.6144444346427917
}